load_bin,ambient_bin,n,winding_rise_c_median,winding_rise_c_p99,current_spread_pct_median,current_spread_pct_p99,voltage_spread_pct_median,voltage_spread_pct_p99
1,0,107,17.478966666666665,22.36597466666667,0.23929911687508812,0.48239019636016245,0.10822815258026885,0.15841120155664085
1,1,1269,17.512933333333333,22.07457866666666,0.23034175135762544,0.5190446801500592,0.10223182874471819,0.17837130121063946
1,2,369,18.603299999999997,21.366258666666667,0.23853882561242026,0.5391251451077014,0.10346250760274395,0.18507117676442525
2,0,137,26.847966666666668,31.47047066666666,0.22699708323297935,0.5349854492210633,0.10019651132463094,0.17708741389703014
2,1,1508,25.251283333333333,31.202435333333337,0.23543344409882672,0.5340197962589684,0.10344094430920585,0.17938609032272926
2,2,603,24.057333333333332,30.15371066666667,0.2403174091940934,0.5257583241779439,0.10157628152380334,0.1811183964193272
3,0,44,30.88811666666667,33.56155166666667,0.23257922800379144,0.5112549480022952,0.09177811672073197,0.17707162611440752
3,1,1015,31.950266666666668,35.97317066666667,0.23561659047661984,0.5282435323150567,0.10374483762120976,0.18196022113506236
3,2,561,32.7345,36.16642000000001,0.2398982778695136,0.5437560612329607,0.10252593005323576,0.18284985192127362
